[
   {
      "name":"summary",
      "chartType":"BarChart",
      "url":"",
      "fetch": "/services?columns=description,display_name,groups,host_address,host_alias,host_display_name,host_groups,host_name,host_perf_data,host_state,perf_data,state,plugin_output",
      "dataUrl": {
         "up": "/",
         "down": "/"
      }
   },
   {
      "name":"host_status",
      "chartType":"DougnhutChart",
      "url":"/idc",
      "fetch": "/hostgroups/host_status/stats?columns=down,up,total",
      "dataUrl": {
         "up": "show%3Dhosts%26hostgroup%3Dhost_status%26hoststatustypes%3D2",
         "down": "show%3Dhosts%26hostgroup%3Dhost_status%26hoststatustypes%3D4"
      }
   },
   {
      "name":"av_status",
      "chartType":"BarChart",
      "url":"/idc",
      "fetch": "/hostgroups/av_status/stats?columns=down,up,total",
      "dataUrl": {
         "up": "show%3Dhosts%26hostgroup%3Dav_status%26hoststatustypes%3D2",
         "down": "show%3Dhosts%26hostgroup%3Dav_status%26hoststatustypes%3D4"
      }
   },
   {
      "name":"web_status",
      "chartType":"BarChart",
      "url":"/idc",
      "fetch": "/servicegroups/web_status/stats?columns=ok,critical,total",
      "dataUrl": {
         "up": "show%3Dservices%26hostgroup%3Dweb_status%26hoststatustypes%3D2",
         "down": "show%3Dservices%26hostgroup%3Dweb_status%26hoststatustypes%3D4"
      }
   }
]