[
    {
       "name":"192.168.1.61",
       "label":"HV1",
       "chartType":"",
       "url":"%26show%3Dservices%26servicegroup=192.168.1.61"
    },
    {
       "name":"192.168.1.62",
       "label":"HV2",
       "chartType":"",
       "url":"services%26servicegroup=192.168.1.62"
    },
    {
       "name":"192.168.1.69",
       "label":"AG1",
       "chartType":"",
       "url":"%26show%3Dservices%26servicegroup=192.168.1.69"
    },
    {
       "name":"192.168.1.70",
       "label":"AG2",
       "chartType":"",
       "url":"%26show%3Dservices%26servicegroup=192.168.1.70"
    },
    {
       "name":"boat_other",
       "chartType":"",
       "url":"%26show%3Dservices%26servicegroup=boat_other"
    },
    {
       "name":"boat_web_status",
       "chartType":"",
       "url":"%26show%3Dservices%26servicegroup=boat_web_status"
    }
 ]